order_id,latitude,longitude
ORD-001,28.719026,77.273925
ORD-002,28.707324,77.195362
ORD-003,28.624198,77.167715
ORD-004,28.652343,77.19665
ORD-005,28.725463,77.301136
ORD-006,28.682077,77.203091
ORD-007,28.653625,77.292119
ORD-008,28.58047,77.162163
ORD-009,28.650993,77.226945
ORD-010,28.67842,77.311267
ORD-011,28.652757,77.223997
ORD-012,28.562216,77.26981
ORD-013,28.624699,77.284796
ORD-014,28.693501,77.279636
ORD-015,28.572992,77.115925
ORD-016,28.70276,77.258719
ORD-017,28.631341,77.168828
ORD-018,28.641106,77.162453
ORD-019,28.673982,77.228026
ORD-020,28.569945,77.228807
ORD-021,28.62804,77.206123
ORD-022,28.618031,77.274887
ORD-023,28.589604,77.18729
ORD-024,28.609524,77.116263
ORD-025,28.650501,77.310012
ORD-026,28.629755,77.248302
ORD-027,28.692992,77.285933
ORD-028,28.617804,77.101637
ORD-029,28.631001,77.09271
ORD-030,28.709087,77.151144
ORD-031,28.577005,77.268615
ORD-032,28.65794,77.092805
ORD-033,28.731894,77.265515
ORD-034,28.724364,77.144142
ORD-035,28.719674,77.114167
ORD-036,28.577207,77.15843
ORD-037,28.619793,77.128294
ORD-038,28.673854,77.12797
ORD-039,28.578827,77.294847
ORD-040,28.643421,77.145701
ORD-041,28.696796,77.222663
ORD-042,28.566455,77.135863
ORD-043,28.549206,77.096445
ORD-044,28.666368,77.244542
ORD-045,28.633749,77.144183
ORD-046,28.616667,77.117736
ORD-047,28.669648,77.229692
ORD-048,28.644998,77.161749
ORD-049,28.614439,77.095015
ORD-050,28.707543,77.113636